USE [master]
GO
/****** Object:  Database [QLBanHang]    Script Date: 5/4/2017 8:46:35 PM ******/
CREATE DATABASE [QLBanHang]
 CONTAINMENT = NONE
 ON  PRIMARY 
( NAME = N'QLBanHang', FILENAME = N'c:\Program Files\Microsoft SQL Server\MSSQL11.SQLEXPRESS\MSSQL\DATA\QLBanHang.mdf' , SIZE = 4160KB , MAXSIZE = UNLIMITED, FILEGROWTH = 1024KB )
 LOG ON 
( NAME = N'QLBanHang_log', FILENAME = N'c:\Program Files\Microsoft SQL Server\MSSQL11.SQLEXPRESS\MSSQL\DATA\QLBanHang_log.ldf' , SIZE = 1344KB , MAXSIZE = 2048GB , FILEGROWTH = 10%)
GO
ALTER DATABASE [QLBanHang] SET COMPATIBILITY_LEVEL = 110
GO
IF (1 = FULLTEXTSERVICEPROPERTY('IsFullTextInstalled'))
begin
EXEC [QLBanHang].[dbo].[sp_fulltext_database] @action = 'enable'
end
GO
ALTER DATABASE [QLBanHang] SET ANSI_NULL_DEFAULT OFF 
GO
ALTER DATABASE [QLBanHang] SET ANSI_NULLS OFF 
GO
ALTER DATABASE [QLBanHang] SET ANSI_PADDING OFF 
GO
ALTER DATABASE [QLBanHang] SET ANSI_WARNINGS OFF 
GO
ALTER DATABASE [QLBanHang] SET ARITHABORT OFF 
GO
ALTER DATABASE [QLBanHang] SET AUTO_CLOSE ON 
GO
ALTER DATABASE [QLBanHang] SET AUTO_CREATE_STATISTICS ON 
GO
ALTER DATABASE [QLBanHang] SET AUTO_SHRINK OFF 
GO
ALTER DATABASE [QLBanHang] SET AUTO_UPDATE_STATISTICS ON 
GO
ALTER DATABASE [QLBanHang] SET CURSOR_CLOSE_ON_COMMIT OFF 
GO
ALTER DATABASE [QLBanHang] SET CURSOR_DEFAULT  GLOBAL 
GO
ALTER DATABASE [QLBanHang] SET CONCAT_NULL_YIELDS_NULL OFF 
GO
ALTER DATABASE [QLBanHang] SET NUMERIC_ROUNDABORT OFF 
GO
ALTER DATABASE [QLBanHang] SET QUOTED_IDENTIFIER OFF 
GO
ALTER DATABASE [QLBanHang] SET RECURSIVE_TRIGGERS OFF 
GO
ALTER DATABASE [QLBanHang] SET  ENABLE_BROKER 
GO
ALTER DATABASE [QLBanHang] SET AUTO_UPDATE_STATISTICS_ASYNC OFF 
GO
ALTER DATABASE [QLBanHang] SET DATE_CORRELATION_OPTIMIZATION OFF 
GO
ALTER DATABASE [QLBanHang] SET TRUSTWORTHY OFF 
GO
ALTER DATABASE [QLBanHang] SET ALLOW_SNAPSHOT_ISOLATION OFF 
GO
ALTER DATABASE [QLBanHang] SET PARAMETERIZATION SIMPLE 
GO
ALTER DATABASE [QLBanHang] SET READ_COMMITTED_SNAPSHOT OFF 
GO
ALTER DATABASE [QLBanHang] SET HONOR_BROKER_PRIORITY OFF 
GO
ALTER DATABASE [QLBanHang] SET RECOVERY SIMPLE 
GO
ALTER DATABASE [QLBanHang] SET  MULTI_USER 
GO
ALTER DATABASE [QLBanHang] SET PAGE_VERIFY CHECKSUM  
GO
ALTER DATABASE [QLBanHang] SET DB_CHAINING OFF 
GO
ALTER DATABASE [QLBanHang] SET FILESTREAM( NON_TRANSACTED_ACCESS = OFF ) 
GO
ALTER DATABASE [QLBanHang] SET TARGET_RECOVERY_TIME = 0 SECONDS 
GO
USE [QLBanHang]
GO
/****** Object:  StoredProcedure [dbo].[up_getProductFull]    Script Date: 5/4/2017 8:46:36 PM ******/
SET ANSI_NULLS ON
GO
SET QUOTED_IDENTIFIER ON
GO

create procedure [dbo].[up_getProductFull] @id int
as
	select sp.*, lsp.Ten as TenLoai, nsx.Ten as TenNSX
	from sanpham sp join LOAISANPHAM lsp on sp.Loai = lsp.ID join NHASANXUAT nsx on sp.NhaSX = nsx.ID
	where sp.ID = @id

GO
/****** Object:  StoredProcedure [dbo].[up_getProductListFull]    Script Date: 5/4/2017 8:46:36 PM ******/
SET ANSI_NULLS ON
GO
SET QUOTED_IDENTIFIER ON
GO

create procedure [dbo].[up_getProductListFull]
as
	select sp.*, lsp.Ten as TenLoai, nsx.Ten as TenNSX
	from sanpham sp join LOAISANPHAM lsp on sp.Loai = lsp.ID join NHASANXUAT nsx on sp.NhaSX = nsx.ID

GO
/****** Object:  Table [dbo].[__MigrationHistory]    Script Date: 5/4/2017 8:46:36 PM ******/
SET ANSI_NULLS ON
GO
SET QUOTED_IDENTIFIER ON
GO
SET ANSI_PADDING ON
GO
CREATE TABLE [dbo].[__MigrationHistory](
	[MigrationId] [nvarchar](150) NOT NULL,
	[ContextKey] [nvarchar](300) NOT NULL,
	[Model] [varbinary](max) NOT NULL,
	[ProductVersion] [nvarchar](32) NOT NULL,
 CONSTRAINT [PK_dbo.__MigrationHistory] PRIMARY KEY CLUSTERED 
(
	[MigrationId] ASC,
	[ContextKey] ASC
)WITH (PAD_INDEX = OFF, STATISTICS_NORECOMPUTE = OFF, IGNORE_DUP_KEY = OFF, ALLOW_ROW_LOCKS = ON, ALLOW_PAGE_LOCKS = ON) ON [PRIMARY]
) ON [PRIMARY] TEXTIMAGE_ON [PRIMARY]

GO
SET ANSI_PADDING OFF
GO
/****** Object:  Table [dbo].[AspNetRoles]    Script Date: 5/4/2017 8:46:36 PM ******/
SET ANSI_NULLS ON
GO
SET QUOTED_IDENTIFIER ON
GO
CREATE TABLE [dbo].[AspNetRoles](
	[Id] [nvarchar](128) NOT NULL,
	[Name] [nvarchar](256) NOT NULL,
 CONSTRAINT [PK_dbo.AspNetRoles] PRIMARY KEY CLUSTERED 
(
	[Id] ASC
)WITH (PAD_INDEX = OFF, STATISTICS_NORECOMPUTE = OFF, IGNORE_DUP_KEY = OFF, ALLOW_ROW_LOCKS = ON, ALLOW_PAGE_LOCKS = ON) ON [PRIMARY]
) ON [PRIMARY]

GO
/****** Object:  Table [dbo].[AspNetUserClaims]    Script Date: 5/4/2017 8:46:36 PM ******/
SET ANSI_NULLS ON
GO
SET QUOTED_IDENTIFIER ON
GO
CREATE TABLE [dbo].[AspNetUserClaims](
	[Id] [int] IDENTITY(1,1) NOT NULL,
	[UserId] [nvarchar](128) NOT NULL,
	[ClaimType] [nvarchar](max) NULL,
	[ClaimValue] [nvarchar](max) NULL,
 CONSTRAINT [PK_dbo.AspNetUserClaims] PRIMARY KEY CLUSTERED 
(
	[Id] ASC
)WITH (PAD_INDEX = OFF, STATISTICS_NORECOMPUTE = OFF, IGNORE_DUP_KEY = OFF, ALLOW_ROW_LOCKS = ON, ALLOW_PAGE_LOCKS = ON) ON [PRIMARY]
) ON [PRIMARY] TEXTIMAGE_ON [PRIMARY]

GO
/****** Object:  Table [dbo].[AspNetUserLogins]    Script Date: 5/4/2017 8:46:36 PM ******/
SET ANSI_NULLS ON
GO
SET QUOTED_IDENTIFIER ON
GO
CREATE TABLE [dbo].[AspNetUserLogins](
	[LoginProvider] [nvarchar](128) NOT NULL,
	[ProviderKey] [nvarchar](128) NOT NULL,
	[UserId] [nvarchar](128) NOT NULL,
 CONSTRAINT [PK_dbo.AspNetUserLogins] PRIMARY KEY CLUSTERED 
(
	[LoginProvider] ASC,
	[ProviderKey] ASC,
	[UserId] ASC
)WITH (PAD_INDEX = OFF, STATISTICS_NORECOMPUTE = OFF, IGNORE_DUP_KEY = OFF, ALLOW_ROW_LOCKS = ON, ALLOW_PAGE_LOCKS = ON) ON [PRIMARY]
) ON [PRIMARY]

GO
/****** Object:  Table [dbo].[AspNetUserRoles]    Script Date: 5/4/2017 8:46:36 PM ******/
SET ANSI_NULLS ON
GO
SET QUOTED_IDENTIFIER ON
GO
CREATE TABLE [dbo].[AspNetUserRoles](
	[UserId] [nvarchar](128) NOT NULL,
	[RoleId] [nvarchar](128) NOT NULL,
 CONSTRAINT [PK_dbo.AspNetUserRoles] PRIMARY KEY CLUSTERED 
(
	[UserId] ASC,
	[RoleId] ASC
)WITH (PAD_INDEX = OFF, STATISTICS_NORECOMPUTE = OFF, IGNORE_DUP_KEY = OFF, ALLOW_ROW_LOCKS = ON, ALLOW_PAGE_LOCKS = ON) ON [PRIMARY]
) ON [PRIMARY]

GO
/****** Object:  Table [dbo].[AspNetUsers]    Script Date: 5/4/2017 8:46:36 PM ******/
SET ANSI_NULLS ON
GO
SET QUOTED_IDENTIFIER ON
GO
CREATE TABLE [dbo].[AspNetUsers](
	[Id] [nvarchar](128) NOT NULL,
	[Email] [nvarchar](256) NULL,
	[EmailConfirmed] [bit] NOT NULL,
	[PasswordHash] [nvarchar](max) NULL,
	[SecurityStamp] [nvarchar](max) NULL,
	[PhoneNumber] [nvarchar](max) NULL,
	[PhoneNumberConfirmed] [bit] NOT NULL,
	[TwoFactorEnabled] [bit] NOT NULL,
	[LockoutEndDateUtc] [datetime] NULL,
	[LockoutEnabled] [bit] NOT NULL,
	[AccessFailedCount] [int] NOT NULL,
	[UserName] [nvarchar](256) NOT NULL,
 CONSTRAINT [PK_dbo.AspNetUsers] PRIMARY KEY CLUSTERED 
(
	[Id] ASC
)WITH (PAD_INDEX = OFF, STATISTICS_NORECOMPUTE = OFF, IGNORE_DUP_KEY = OFF, ALLOW_ROW_LOCKS = ON, ALLOW_PAGE_LOCKS = ON) ON [PRIMARY]
) ON [PRIMARY] TEXTIMAGE_ON [PRIMARY]

GO
/****** Object:  Table [dbo].[Banner]    Script Date: 5/4/2017 8:46:36 PM ******/
SET ANSI_NULLS ON
GO
SET QUOTED_IDENTIFIER ON
GO
SET ANSI_PADDING ON
GO
CREATE TABLE [dbo].[Banner](
	[ID] [int] IDENTITY(1,1) NOT NULL,
	[HinhAnh] [varchar](max) NULL,
	[URL] [varchar](max) NULL,
	[NoiDung] [nvarchar](max) NULL,
 CONSTRAINT [PK_Banner] PRIMARY KEY CLUSTERED 
(
	[ID] ASC
)WITH (PAD_INDEX = OFF, STATISTICS_NORECOMPUTE = OFF, IGNORE_DUP_KEY = OFF, ALLOW_ROW_LOCKS = ON, ALLOW_PAGE_LOCKS = ON) ON [PRIMARY]
) ON [PRIMARY] TEXTIMAGE_ON [PRIMARY]

GO
SET ANSI_PADDING OFF
GO
/****** Object:  Table [dbo].[BINHCHON]    Script Date: 5/4/2017 8:46:36 PM ******/
SET ANSI_NULLS ON
GO
SET QUOTED_IDENTIFIER ON
GO
CREATE TABLE [dbo].[BINHCHON](
	[ID] [int] IDENTITY(1,1) NOT NULL,
	[MaKhachHang] [int] NULL,
	[MaSanPham] [int] NOT NULL,
	[SoSao] [int] NOT NULL,
 CONSTRAINT [PK_BINHCHON_1] PRIMARY KEY CLUSTERED 
(
	[ID] ASC
)WITH (PAD_INDEX = OFF, STATISTICS_NORECOMPUTE = OFF, IGNORE_DUP_KEY = OFF, ALLOW_ROW_LOCKS = ON, ALLOW_PAGE_LOCKS = ON) ON [PRIMARY]
) ON [PRIMARY]

GO
/****** Object:  Table [dbo].[BINHLUAN]    Script Date: 5/4/2017 8:46:36 PM ******/
SET ANSI_NULLS ON
GO
SET QUOTED_IDENTIFIER ON
GO
CREATE TABLE [dbo].[BINHLUAN](
	[ID] [int] IDENTITY(1,1) NOT NULL,
	[MaKhachHang] [int] NULL,
	[MaSanPham] [int] NOT NULL,
	[NoiDung] [nvarchar](max) NOT NULL,
	[NgayDang] [datetime] NOT NULL,
 CONSTRAINT [PK_BINHLUAN] PRIMARY KEY CLUSTERED 
(
	[ID] ASC
)WITH (PAD_INDEX = OFF, STATISTICS_NORECOMPUTE = OFF, IGNORE_DUP_KEY = OFF, ALLOW_ROW_LOCKS = ON, ALLOW_PAGE_LOCKS = ON) ON [PRIMARY]
) ON [PRIMARY] TEXTIMAGE_ON [PRIMARY]

GO
/****** Object:  Table [dbo].[CAUHOIBAOMAT]    Script Date: 5/4/2017 8:46:36 PM ******/
SET ANSI_NULLS ON
GO
SET QUOTED_IDENTIFIER ON
GO
CREATE TABLE [dbo].[CAUHOIBAOMAT](
	[ID] [int] IDENTITY(1,1) NOT NULL,
	[NoiDung] [nvarchar](max) NULL,
 CONSTRAINT [PK_CAUHOIBAOMAT] PRIMARY KEY CLUSTERED 
(
	[ID] ASC
)WITH (PAD_INDEX = OFF, STATISTICS_NORECOMPUTE = OFF, IGNORE_DUP_KEY = OFF, ALLOW_ROW_LOCKS = ON, ALLOW_PAGE_LOCKS = ON) ON [PRIMARY]
) ON [PRIMARY] TEXTIMAGE_ON [PRIMARY]

GO
/****** Object:  Table [dbo].[CHITIETDONHANG]    Script Date: 5/4/2017 8:46:36 PM ******/
SET ANSI_NULLS ON
GO
SET QUOTED_IDENTIFIER ON
GO
CREATE TABLE [dbo].[CHITIETDONHANG](
	[MaDonHang] [int] NOT NULL,
	[MaSanPham] [int] NOT NULL,
	[TenSanPham] [nvarchar](50) NULL,
	[SoLuong] [int] NULL,
	[ThanhTien] [int] NULL,
 CONSTRAINT [PK_CHITIETDONHANG] PRIMARY KEY CLUSTERED 
(
	[MaDonHang] ASC,
	[MaSanPham] ASC
)WITH (PAD_INDEX = OFF, STATISTICS_NORECOMPUTE = OFF, IGNORE_DUP_KEY = OFF, ALLOW_ROW_LOCKS = ON, ALLOW_PAGE_LOCKS = ON) ON [PRIMARY]
) ON [PRIMARY]

GO
/****** Object:  Table [dbo].[DONDATHANG]    Script Date: 5/4/2017 8:46:36 PM ******/
SET ANSI_NULLS ON
GO
SET QUOTED_IDENTIFIER ON
GO
CREATE TABLE [dbo].[DONDATHANG](
	[ID] [int] IDENTITY(1,1) NOT NULL,
	[MaKhachHang] [int] NULL,
	[NgayDat] [datetime] NULL,
	[NgayGiao] [datetime] NULL,
	[TinhTrang] [nvarchar](50) NULL,
	[DaThanhToan] [nchar](10) NULL,
	[GiamGia] [int] NULL,
 CONSTRAINT [PK_DONDATHANG] PRIMARY KEY CLUSTERED 
(
	[ID] ASC
)WITH (PAD_INDEX = OFF, STATISTICS_NORECOMPUTE = OFF, IGNORE_DUP_KEY = OFF, ALLOW_ROW_LOCKS = ON, ALLOW_PAGE_LOCKS = ON) ON [PRIMARY]
) ON [PRIMARY]

GO
/****** Object:  Table [dbo].[HINHANHSP]    Script Date: 5/4/2017 8:46:36 PM ******/
SET ANSI_NULLS ON
GO
SET QUOTED_IDENTIFIER ON
GO
CREATE TABLE [dbo].[HINHANHSP](
	[MaSanPham] [int] NOT NULL,
	[Ten] [nvarchar](50) NOT NULL,
 CONSTRAINT [PK_HINHANHSP] PRIMARY KEY CLUSTERED 
(
	[MaSanPham] ASC,
	[Ten] ASC
)WITH (PAD_INDEX = OFF, STATISTICS_NORECOMPUTE = OFF, IGNORE_DUP_KEY = OFF, ALLOW_ROW_LOCKS = ON, ALLOW_PAGE_LOCKS = ON) ON [PRIMARY]
) ON [PRIMARY]

GO
/****** Object:  Table [dbo].[HOIDAP]    Script Date: 5/4/2017 8:46:36 PM ******/
SET ANSI_NULLS ON
GO
SET QUOTED_IDENTIFIER ON
GO
SET ANSI_PADDING ON
GO
CREATE TABLE [dbo].[HOIDAP](
	[ID] [int] NOT NULL,
	[Email] [varchar](max) NOT NULL,
	[TieuDe] [nvarchar](max) NOT NULL,
	[NoiDung] [nvarchar](max) NOT NULL,
	[TrangThai] [nvarchar](50) NULL,
 CONSTRAINT [PK_HOIDAP] PRIMARY KEY CLUSTERED 
(
	[ID] ASC
)WITH (PAD_INDEX = OFF, STATISTICS_NORECOMPUTE = OFF, IGNORE_DUP_KEY = OFF, ALLOW_ROW_LOCKS = ON, ALLOW_PAGE_LOCKS = ON) ON [PRIMARY]
) ON [PRIMARY] TEXTIMAGE_ON [PRIMARY]

GO
SET ANSI_PADDING OFF
GO
/****** Object:  Table [dbo].[HOTROTRUCTUYEN]    Script Date: 5/4/2017 8:46:36 PM ******/
SET ANSI_NULLS ON
GO
SET QUOTED_IDENTIFIER ON
GO
SET ANSI_PADDING ON
GO
CREATE TABLE [dbo].[HOTROTRUCTUYEN](
	[ID] [int] NOT NULL,
	[Ten] [nvarchar](50) NULL,
	[URL] [varchar](max) NULL,
 CONSTRAINT [PK_HOTROTRUCTUYEN] PRIMARY KEY CLUSTERED 
(
	[ID] ASC
)WITH (PAD_INDEX = OFF, STATISTICS_NORECOMPUTE = OFF, IGNORE_DUP_KEY = OFF, ALLOW_ROW_LOCKS = ON, ALLOW_PAGE_LOCKS = ON) ON [PRIMARY]
) ON [PRIMARY] TEXTIMAGE_ON [PRIMARY]

GO
SET ANSI_PADDING OFF
GO
/****** Object:  Table [dbo].[KHACHHANG]    Script Date: 5/4/2017 8:46:36 PM ******/
SET ANSI_NULLS ON
GO
SET QUOTED_IDENTIFIER ON
GO
SET ANSI_PADDING ON
GO
CREATE TABLE [dbo].[KHACHHANG](
	[ID] [int] IDENTITY(1,1) NOT NULL,
	[HoTen] [nvarchar](50) NOT NULL,
	[DiaChi] [nvarchar](max) NULL,
	[DienThoai] [varchar](50) NULL,
	[CauHoiBaoMat] [int] NULL,
	[CauTraLoi] [nvarchar](max) NULL,
	[Loai] [int] NULL,
	[Khoa] [bit] NOT NULL,
	[IdentityID] [varchar](max) NOT NULL,
 CONSTRAINT [PK_KHACHHANG] PRIMARY KEY CLUSTERED 
(
	[ID] ASC
)WITH (PAD_INDEX = OFF, STATISTICS_NORECOMPUTE = OFF, IGNORE_DUP_KEY = OFF, ALLOW_ROW_LOCKS = ON, ALLOW_PAGE_LOCKS = ON) ON [PRIMARY]
) ON [PRIMARY] TEXTIMAGE_ON [PRIMARY]

GO
SET ANSI_PADDING OFF
GO
/****** Object:  Table [dbo].[LOAIKHACHHANG]    Script Date: 5/4/2017 8:46:36 PM ******/
SET ANSI_NULLS ON
GO
SET QUOTED_IDENTIFIER ON
GO
CREATE TABLE [dbo].[LOAIKHACHHANG](
	[ID] [int] NOT NULL,
	[Ten] [nvarchar](50) NOT NULL,
	[UuDai] [int] NULL,
 CONSTRAINT [PK_LOAITHANHVIEN] PRIMARY KEY CLUSTERED 
(
	[ID] ASC
)WITH (PAD_INDEX = OFF, STATISTICS_NORECOMPUTE = OFF, IGNORE_DUP_KEY = OFF, ALLOW_ROW_LOCKS = ON, ALLOW_PAGE_LOCKS = ON) ON [PRIMARY]
) ON [PRIMARY]

GO
/****** Object:  Table [dbo].[LOAISANPHAM]    Script Date: 5/4/2017 8:46:36 PM ******/
SET ANSI_NULLS ON
GO
SET QUOTED_IDENTIFIER ON
GO
CREATE TABLE [dbo].[LOAISANPHAM](
	[ID] [int] IDENTITY(1,1) NOT NULL,
	[Ten] [nvarchar](50) NOT NULL,
	[Parent] [int] NULL,
	[Khoa] [bit] NOT NULL,
 CONSTRAINT [PK_LOAISANPHAM] PRIMARY KEY CLUSTERED 
(
	[ID] ASC
)WITH (PAD_INDEX = OFF, STATISTICS_NORECOMPUTE = OFF, IGNORE_DUP_KEY = OFF, ALLOW_ROW_LOCKS = ON, ALLOW_PAGE_LOCKS = ON) ON [PRIMARY]
) ON [PRIMARY]

GO
/****** Object:  Table [dbo].[NHASANXUAT]    Script Date: 5/4/2017 8:46:36 PM ******/
SET ANSI_NULLS ON
GO
SET QUOTED_IDENTIFIER ON
GO
SET ANSI_PADDING ON
GO
CREATE TABLE [dbo].[NHASANXUAT](
	[ID] [int] IDENTITY(1,1) NOT NULL,
	[Ten] [nvarchar](50) NOT NULL,
	[ThongTin] [nvarchar](max) NULL,
	[Logo] [varchar](max) NULL,
	[Khoa] [bit] NOT NULL,
 CONSTRAINT [PK_NHASANXUAT] PRIMARY KEY CLUSTERED 
(
	[ID] ASC
)WITH (PAD_INDEX = OFF, STATISTICS_NORECOMPUTE = OFF, IGNORE_DUP_KEY = OFF, ALLOW_ROW_LOCKS = ON, ALLOW_PAGE_LOCKS = ON) ON [PRIMARY]
) ON [PRIMARY] TEXTIMAGE_ON [PRIMARY]

GO
SET ANSI_PADDING OFF
GO
/****** Object:  Table [dbo].[QUANGCAO]    Script Date: 5/4/2017 8:46:36 PM ******/
SET ANSI_NULLS ON
GO
SET QUOTED_IDENTIFIER ON
GO
SET ANSI_PADDING ON
GO
CREATE TABLE [dbo].[QUANGCAO](
	[ID] [int] IDENTITY(1,1) NOT NULL,
	[Ten] [nvarchar](50) NULL,
	[ThoiGianBatDat] [datetime] NULL,
	[ThoiGianKetThuc] [datetime] NULL,
	[URL] [varchar](max) NULL,
	[HinhAnh] [varchar](max) NULL,
 CONSTRAINT [PK_QUANGCAO] PRIMARY KEY CLUSTERED 
(
	[ID] ASC
)WITH (PAD_INDEX = OFF, STATISTICS_NORECOMPUTE = OFF, IGNORE_DUP_KEY = OFF, ALLOW_ROW_LOCKS = ON, ALLOW_PAGE_LOCKS = ON) ON [PRIMARY]
) ON [PRIMARY] TEXTIMAGE_ON [PRIMARY]

GO
SET ANSI_PADDING OFF
GO
/****** Object:  Table [dbo].[SANPHAM]    Script Date: 5/4/2017 8:46:36 PM ******/
SET ANSI_NULLS ON
GO
SET QUOTED_IDENTIFIER ON
GO
SET ANSI_PADDING ON
GO
CREATE TABLE [dbo].[SANPHAM](
	[ID] [int] IDENTITY(1,1) NOT NULL,
	[Ten] [nvarchar](50) NOT NULL,
	[Gia] [int] NOT NULL,
	[KhuyenMai] [int] NOT NULL,
	[Loai] [int] NULL,
	[NhaSX] [int] NULL,
	[HinhAnh] [varchar](max) NULL,
	[SoThangBaoHanh] [int] NOT NULL,
	[SoLuongTon] [int] NOT NULL,
	[LuotXem] [int] NOT NULL,
	[LuotBinhChon] [int] NOT NULL,
	[LuotBinhLuan] [int] NOT NULL,
	[LuotMua] [int] NOT NULL,
	[LaSanPhamHot] [bit] NOT NULL,
	[LaSanPhamMoi] [bit] NOT NULL,
	[SoSao] [int] NOT NULL,
	[MoTa] [nvarchar](max) NULL,
	[ThongTinThem] [nvarchar](max) NULL,
	[NgayCapNhat] [datetime] NULL,
	[Khoa] [bit] NOT NULL,
 CONSTRAINT [PK_SANPHAM] PRIMARY KEY CLUSTERED 
(
	[ID] ASC
)WITH (PAD_INDEX = OFF, STATISTICS_NORECOMPUTE = OFF, IGNORE_DUP_KEY = OFF, ALLOW_ROW_LOCKS = ON, ALLOW_PAGE_LOCKS = ON) ON [PRIMARY]
) ON [PRIMARY] TEXTIMAGE_ON [PRIMARY]

GO
SET ANSI_PADDING OFF
GO
/****** Object:  Table [dbo].[SLIDE]    Script Date: 5/4/2017 8:46:36 PM ******/
SET ANSI_NULLS ON
GO
SET QUOTED_IDENTIFIER ON
GO
SET ANSI_PADDING ON
GO
CREATE TABLE [dbo].[SLIDE](
	[ID] [int] IDENTITY(1,1) NOT NULL,
	[NoiDung] [nvarchar](max) NULL,
	[HinhAnh] [varchar](max) NOT NULL,
	[URL] [varchar](max) NOT NULL,
	[NgayDang] [datetime] NULL,
	[Active] [bit] NOT NULL,
 CONSTRAINT [PK_SLIDE] PRIMARY KEY CLUSTERED 
(
	[ID] ASC
)WITH (PAD_INDEX = OFF, STATISTICS_NORECOMPUTE = OFF, IGNORE_DUP_KEY = OFF, ALLOW_ROW_LOCKS = ON, ALLOW_PAGE_LOCKS = ON) ON [PRIMARY]
) ON [PRIMARY] TEXTIMAGE_ON [PRIMARY]

GO
SET ANSI_PADDING OFF
GO
/****** Object:  Table [dbo].[TAG]    Script Date: 5/4/2017 8:46:36 PM ******/
SET ANSI_NULLS ON
GO
SET QUOTED_IDENTIFIER ON
GO
CREATE TABLE [dbo].[TAG](
	[ID] [int] NOT NULL,
	[MaSanPham] [int] NOT NULL,
	[Tag] [nvarchar](50) NOT NULL,
 CONSTRAINT [PK_TAG] PRIMARY KEY CLUSTERED 
(
	[ID] ASC
)WITH (PAD_INDEX = OFF, STATISTICS_NORECOMPUTE = OFF, IGNORE_DUP_KEY = OFF, ALLOW_ROW_LOCKS = ON, ALLOW_PAGE_LOCKS = ON) ON [PRIMARY]
) ON [PRIMARY]

GO
/****** Object:  View [dbo].[uv_ChiTietSanPham]    Script Date: 5/4/2017 8:46:36 PM ******/
SET ANSI_NULLS ON
GO
SET QUOTED_IDENTIFIER ON
GO

CREATE view [dbo].[uv_ChiTietSanPham] as

select sp.*, lsp.Ten as TenLoai, nsx.Ten as TenNSX, isnull(T.Sao,0) as Sao
from SANPHAM sp join LOAISANPHAM lsp on sp.Loai = lsp.ID join NHASANXUAT nsx on sp.NhaSX = nsx.ID left join (
	select masanpham, avg(SoSao) as Sao
	from BINHCHON bc
	group by MaSanPham) as T on sp.ID = T.MaSanPham
GO
INSERT [dbo].[__MigrationHistory] ([MigrationId], [ContextKey], [Model], [ProductVersion]) VALUES (N'201705040709518_InitialCreate', N'WebApplication1.Models.ApplicationDbContext', 0x1F8B0800000000000400DD5CDB6EDC36107D2FD07F10F4D416CECA9726488DDD04EEDA6E8DC617649DB46F0157E2AE85489422518E8DA25FD6877E527FA14389BAF1A2CBAEBCBB2E02042B727866381C92C3E1D0FFFEFDCFF8ED83EF19F7388ADD804CCC83D1BE696062078E4B961333A18B17AFCDB76FBEFD667CE6F80FC6C79CEE88D1414B124FCC3B4AC363CB8AED3BECA378E4BB7614C4C1828EECC0B790135887FBFB3F59070716060813B00C63FC3E21D4F571FA019FD380D838A409F22E03077B312F879A598A6A5C211FC721B2F1C4FC1DCF4FC2D0736D4441948351D6C2344E3C17813433EC2D4C031112D094E0F8438C67340AC872164201F26E1F430C740BE4C598F7E1B824EFDA9DFD43D61DAB6C9843D9494C03BF27E0C111D78F25365F49CB66A13FD0E019689A3EB25EA75A9C98170E4E8BDE071E284064783CF522463C312F0B1627717885E9286F38CA20CF2380FB1A449F4755C43DA373BBBDC29E0E47FBECDF9E314D3C9A447842704223E4ED1937C91C86FA37FC781B7CC6647274305F1CBD7EF90A3947AF7EC4472FAB3D85BE025DAD008A6EA220C411C8861745FF4DC3AAB7B3C48645B34A9B4C2B604B30354CE3123DBCC36449EF60D21CBE368D73F7013B790937AE0FC48599048D6894C0E755E27968EEE1A2DE6AE4C9FE6FE07AF8F2D5205CAFD0BDBB4C875EE00F13278279F51E7B696D7CE786D9F4AA8DF7274E761E053EFBAEDB5756FB69162491CD3A1368496E51B4C4B42EDDD82A8DB7934933A8E1CD3A47DD7DD36692CAE6AD24651D5A6526E42C363D1B72799F966F678BAB6C414C234D06A7DEB04602C29E21D0952674D0D5840874EDFFBC229EF9C8F50658123B70018F64E1463E2E7AF973000688486F996F501CC38AE0FC8AE2BB06D1E1E700A2CFB09D4460A8338AFCF0C9B9DDDC05045F25FE9CD9FFE6780D3634B75F837364D3203A23ACD5DA78EF02FB7390D033E29C228A3F503B07649FB7AEDF1D6010714E6C1BC7F139183376A60138DC39E005A14787BDE1D822B56D9764EA21D757FB24C272FA29272DFD123585E49B68C854FE4993A8EF82A54BBA899A93EA45CD285A45E5647D456560DD24E5947A415382563933AAC13CBE74848677F952D8DDF7F9D6DBBC756B41458D335821F12F98E0089631E706518A23528E409775631BCE423A7C8CE993EF4D29A78FC84B8666B5D26C481781E167430ABBFBB32115138AEF5D8779251D0E423931C077A2579FB1DAE79C20D9A6A743AD9B9B66BE993540375D4EE238B0DD74162842603C8051971F7C38A33D9A91F5468C8840C7C0D05DB6E54109F4CD148DEA9A9C620F536C9CD85988708A621B39B21AA1434E0FC1F21D5521581919A90BF783C4132C1D47AC116287A01866AA4BA83C2D5C62BB21F25AB524B4ECB885B1BE173CC49A531C62C218B66AA20B737520840950F01106A54D4363AB6271CD86A8F15A7563DEE6C296E32EC5273662932DBEB3C62EB9FFF62486D9ACB10D1867B34ABA08A00DEA6DC340F959A5AB018807975D3350E1C4A43150EE526DC440EB1ADB8281D655F2EC0C343BA2761D7FE1BCBA6BE6593F286F7E5B6F54D7166CB3A68F1D33CDCCF78436145AE04836CFD339ABC40F5471380339F9F92CE6AEAE68220C7C86693D6453FABB4A3FD46A06118DA809B034B416507E1D28014913AA8770792CAF513AEE45F480CDE36E8DB07CED17602B36206357AF452B84FACB53D1383B9D3E8A9E15D6201979A7C34205476110E2E255EF7807A5E8E2B2B262BAF8C27DBCE14AC7F8603428A8C573D52829EFCCE05ACA4DB35D4B2A87AC8F4BB6969604F749A3A5BC33836B89DB68BB92144E410FB7602D15D5B7F081265B1EE928769BA26E6C651953BC606C6952ABC697280C5DB2ACA45AF1126396E5594D5FCCFA271FF9198665C78A1CA442DA82130D22B4C4422DB00649CFDD28A6A788A23962719EA9E34B64CABD55B3FCE72CABDBA73C88F93E9053B3DF590BCD257E6DBF951D128E730EBDF499579386D21536A06E6EB0F437E4A14811BD9F065EE213BD93A56F9DDDE155DB672532C2D812E4979C28496392AB5B577FA7C19127C6800355F831AB0F961E42A7F2DC0BAD2A5DE799EA51F24055154517BCDADAE0E91C9ADE0326FA8BFDC7AB15E169E6174F52A902F0A29E18953C0709AC52D71DB59E8A52C5ACD7744714F24DAA9042550F29AB59253521AB152BE16934AAA6E8CE41CE23A9A2CBB5DD91151925556845F50AD80A99C5BAEEA88AA4932AB0A2BA3B769981222EA43BBC83694F316B6D61D96177BD3D4C83F134ABE2305B60E54EBF0A5429EE89C56FED25305EBE9316A53DF1AD6551599C633D8BD260E857A0DA8D787D016ABCC6D763D6AEB96B8B7CD335BF1EAF9FDD3EA97548873E91A4E05E1CFE8443DE981FB8DA1FD94827B08CC4347235C206FF1853EC8F18C168F6C59B7A2E66CB794E708988BBC031CD523BCCC3FD8343E18DCEEEBC97B1E2D8F1140756DDA399FA986D204B8BDCA3C8BE43919C33B1C69B9212540A475F10073F4CCC3FD356C7696483FD4A8BF78C8BF80371BF2450711B25D8F84BCE011D26C7BEF9C0B5A32F22BA6BF5E28F4F59D33DE33A8219736CEC0BBA5C6584EBEF247A4993355D439A955F4F3CDF09557B92A0441526C4EA2F10E62E1DE4F5412EE5773E7AF8BEAF68CA17066B212A5E110C8537880A75AF0456C1D2BE1070E093A62F04FA7556FD626015D1B4AF055CD21F4C7C2BD07D19CA5B6E71AB519C8B36B124A57A6ECDB55E2BF172DB7B939492BDD64497D3AE7BC0AD915ABD82653CB3ACE4C1764745D2F160D8DB34ED27CF34DE95E4E232ED63BB39C59B4C236EB822FA5F650FEF40BE9B227F67FB39C29BB6355D2C77C7132DFB6502EF98B1F1ACAEEDE7FB6EDAD87461DE1D37B65E59BD3B666BDBDA3FB76C699DB7D0ADE7E8CAE9469A3B19552CB82D07370B9CC3097F1E8011641E65F674529DF4D594B0DAC2B024D133D5679B898CA58923F195289AD9F6EB2BDFF01B3BCB699AD96A72349B78F3F5BF9137A769E6ADC97CDC46F6B032F75095D1DDB28E3525443DA76CE15A4F5A92D3DB7CD6C60BF6E7941C3C88526AB3477347FC7C72810751C99053A747EEAF7CDD0B7B67E52F2FC2FE1DBBCB1282FD1D4682EDDAAE59D05C9045906FDE8244398910A1B9C41439B0A59E44D45D209B42358B31A76FBFD3B81DBBE99863E7825C27344C287419FB73AF16F0624E4013FF34C1B92EF3F83A645FF1105D00315D169BBF263F27AEE714729F2B62421A08E65DF0882E1B4BCA22BBCBC702E92A201D81B8FA0AA7E816FBA10760F13599A17BBC8A6C607EEFF012D98F65045007D23E1075B58F4F5DB48C901F738CB23D7C820D3BFEC39BFF000B618BF780540000, N'6.1.1-30610')
INSERT [dbo].[__MigrationHistory] ([MigrationId], [ContextKey], [Model], [ProductVersion]) VALUES (N'201705041158377_Info', N'WebApplication1.Migrations.Configuration', 0x1F8B0800000000000400DD5CDB6EDC36107D2FD07F10F4D416CECA9726488DDD04EEDA6E8DC617649DB46F0157E2AE85489422518E8DA25FD6877E527FA14389BAF1A2CBAEBCBB2E02042B727866381C92C3E1D0FFFEFDCFF8ED83EF19F7388ADD804CCC83D1BE696062078E4B961333A18B17AFCDB76FBEFD667CE6F80FC6C79CEE88D1414B124FCC3B4AC363CB8AED3BECA378E4BB7614C4C1828EECC0B790135887FBFB3F59070716060813B00C63FC3E21D4F571FA019FD380D838A409F22E03077B312F879A598A6A5C211FC721B2F1C4FC1DCF4FC2D0736D4441948351D6C2344E3C17813433EC2D4C031112D094E0F8438C67340AC872164201F26E1F430C740BE4C598F7E1B824EFDA9DFD43D61DAB6C9843D9494C03BF27E0C111D78F25365F49CB66A13FD0E019689A3EB25EA75A9C98170E4E8BDE071E284064783CF522463C312F0B1627717885E9286F38CA20CF2380FB1A449F4755C43DA373BBBDC29E0E47FBECDF9E314D3C9A447842704223E4ED1937C91C86FA37FC781B7CC6647274305F1CBD7EF90A3947AF7EC4472FAB3D85BE025DAD008A6EA220C411C8861745FF4DC3AAB7B3C48645B34A9B4C2B604B30354CE3123DBCC36449EF60D21CBE368D73F7013B790937AE0FC48599048D6894C0E755E27968EEE1A2DE6AE4C9FE6FE07AF8F2D5205CAFD0BDBB4C875EE00F13278279F51E7B696D7CE786D9F4AA8DF7274E761E053EFBAEDB5756FB69162491CD3A1368496E51B4C4B42EDDD82A8DB7934933A8E1CD3A47DD7DD36692CAE6AD24651D5A6526E42C363D1B72799F966F678BAB6C414C234D06A7DEB04602C29E21D0952674D0D5840874EDFFBC229EF9C8F50658123B70018F64E1463E2E7AF973000688486F996F501CC38AE0FC8AE2BB06D1E1E700A2CFB09D4460A8338AFCF0C9B9DDDC05045F25FE9CD9FFE6780D3634B75F837364D3203A23ACD5DA78EF02FB7390D033E29C228A3F503B07649FB7AEDF1D6010714E6C1BC7F139183376A60138DC39E005A14787BDE1D822B56D9764EA21D757FB24C272FA29272DFD123585E49B68C854FE4993A8EF82A54BBA899A93EA45CD285A45E5647D456560DD24E5947A415382563933AAC13CBE74848677F952D8DDF7F9D6DBBC756B41458D335821F12F98E0089631E706518A23528E409775631BCE423A7C8CE993EF4D29A78FC84B8666B5D26C481781E167430ABBFBB32115138AEF5D8779251D0E423931C077A2579FB1DAE79C20D9A6A743AD9B9B66BE993540375D4EE238B0DD74162842603C8051971F7C38A33D9A91F5468C8840C7C0D05DB6E54109F4CD148DEA9A9C620F536C9CD85988708A621B39B21AA1434E0FC1F21D5521581919A90BF783C4132C1D47AC116287A01866AA4BA83C2D5C62BB21F25AB524B4ECB885B1BE173CC49A531C62C218B66AA20B737520840950F01106A54D4363AB6271CD86A8F15A7563DEE6C296E32EC5273662932DBEB3C62EB9FFF62486D9ACB10D1867B34ABA08A00DEA6DC340F959A5AB018807975D3350E1C4A43150EE526DC440EB1ADB8281D655F2EC0C343BA2761D7FE1BCBA6BE6593F286F7E5B6F54D7166CB3A68F1D33CDCCF78436145AE04836CFD339ABC40F5471380339F9F92CE6AEAE68220C7C86693D6453FABB4A3FD46A06118DA809B034B416507E1D28014913AA8770792CAF513AEE45F480CDE36E8DB07CED17602B36206357AF452B84FACB53D1383B9D3E8A9E15D6201979A7C34205476110E2E255EF7807A5E8E2B2B262BAF8C27DBCE14AC7F8603428A8C573D52829EFCCE05ACA4DB35D4B2A87AC8F4BB6969604F749A3A5BC33836B89DB68BB92144E410FB7602D15D5B7F081265B1EE928769BA26E6C651953BC606C6952ABC697280C5DB2ACA45AF1126396E5594D5FCCFA271FF9198665C78A1CA442DA82130D22B4C4422DB00649CFDD28A6A788A23962719EA9E34B64CABD55B3FCE72CABDBA73C88F93E9053B3DF590BCD257E6DBF951D128E730EBDF499579386D21536A06E6EB0F437E4A14811BD9F065EE213BD93A56F9DDDE155DB672532C2D812E4979C28496392AB5B577FA7C19127C6800355F831AB0F961E42A7F2DC0BAD2A5DE799EA51F24055154517BCDADAE0E91C9ADE0326FA8BFDC7AB15E169E6174F52A902F0A29E18953C0709AC52D71DB59E8A52C5ACD7744714F24DAA9042550F29AB59253521AB152BE16934AAA6E8CE41CE23A9A2CBB5DD91151925556845F50AD80A99C5BAEEA88AA4932AB0A2BA3B769981222EA43BBC83694F316B6D61D96177BD3D4C83F134ABE2305B60E54EBF0A5429EE89C56FED25305EBE9316A53DF1AD6551599C633D8BD260E857A0DA8D787D016ABCC6D763D6AEB96B8B7CD335BF1EAF9FDD3EA97548873E91A4E05E1CFE8443DE981FB8DA1FD94827B08CC4347235C206FF1853EC8F18C168F6C59B7A2E66CB794E708988BBC031CD523BCCC3FD8343E18DCEEEBC97B1E2D8F1140756DDA399FA986D204B8BDCA3C8BE43919C33B1C69B9212540A475F10073F4CCC3FD356C7696483FD4A8BF78C8BF80371BF2450711B25D8F84BCE011D26C7BEF9C0B5A32F22BA6BF5E28F4F59D33DE33A8219736CEC0BBA5C6584EBEF247A4993355D439A955F4F3CDF09557B92A0441526C4EA2F10E62E1DE4F5412EE5773E7AF8BEAF68CA17066B212A5E110C8537880A75AF0456C1D2BE1070E093A62F04FA7556FD626015D1B4AF055CD21F4C7C2BD07D19CA5B6E71AB519C8B36B124A57A6ECDB55E2BF172DB7B939492BDD64497D3AE7BC0AD915ABD82653CB3ACE4C1764745D2F160D8DB34ED27CF34DE95E4E232ED63BB39C59B4C236EB822FA5F650FEF40BE9B227F67FB39C29BB6355D2C77C7132DFB6502EF98B1F1ACAEEDE7FB6EDAD87461DE1D37B65E59BD3B666BDBDA3FB76C699DB7D0ADE7E8CAE9469A3B19552CB82D07370B9CC3097F1E8011641E65F674529DF4D594B0DAC2B024D133D5679B898CA58923F195289AD9F6EB2BDFF01B3BCB699AD96A72349B78F3F5BF9137A769E6ADC97CDC46F6B032F75095D1DDB28E3525443DA76CE15A4F5A92D3DB7CD6C60BF6E7941C3C88526AB3477347FC7C72810751C99053A747EEAF7CDD0B7B67E52F2FC2FE1DBBCB1282FD1D4682EDDAAE59D05C9045906FDE8244398910A1B9C41439B0A59E44D45D209B42358B31A76FBFD3B81DBBE99863E7825C27344C287419FB73AF16F0624E4013FF34C1B92EF3F83A645FF1105D00315D169BBF263F27AEE714729F2B62421A08E65DF0882E1B4BCA22BBCBC702E92A201D81B8FA0AA7E816FBA10760F13599A17BBC8A6C607EEFF012D98F65045007D23E1075B58F4F5DB48C901F738CB23D7C820D3BFEC39BFF000B618BF780540000, N'6.1.1-30610')
INSERT [dbo].[AspNetRoles] ([Id], [Name]) VALUES (N'b1d99c15-cbeb-4d10-b69e-1e26e454da58', N'Admin')
INSERT [dbo].[AspNetUserRoles] ([UserId], [RoleId]) VALUES (N'693aef8f-93f4-4f75-b565-44e349376a26', N'b1d99c15-cbeb-4d10-b69e-1e26e454da58')
INSERT [dbo].[AspNetUsers] ([Id], [Email], [EmailConfirmed], [PasswordHash], [SecurityStamp], [PhoneNumber], [PhoneNumberConfirmed], [TwoFactorEnabled], [LockoutEndDateUtc], [LockoutEnabled], [AccessFailedCount], [UserName]) VALUES (N'121b8f49-edc0-4d60-88e9-f080f9517817', N'testing@gmail.com', 0, N'AGiQ5iQ1EZM5Zxb6iautD+oD0eCj8DVjIbmxh16StXZ5i8sHzrfrKT47QdIXumzuOg==', N'd67fafa1-c7c0-4eb9-848a-c8fcaddb0f5c', NULL, 0, 0, NULL, 1, 0, N'testing@gmail.com')
INSERT [dbo].[AspNetUsers] ([Id], [Email], [EmailConfirmed], [PasswordHash], [SecurityStamp], [PhoneNumber], [PhoneNumberConfirmed], [TwoFactorEnabled], [LockoutEndDateUtc], [LockoutEnabled], [AccessFailedCount], [UserName]) VALUES (N'693aef8f-93f4-4f75-b565-44e349376a26', N'admin@gmail.com', 0, N'AHegIh44TsGg7pNKrhHPCrdLCwWI4J9G0PzH6LvsJH0cHk8Qr7Z0Mp38cEGMggKzqQ==', N'090f3b55-340c-4fc1-a06b-8770c4406e4c', NULL, 0, 0, NULL, 0, 0, N'admin@gmail.com')
INSERT [dbo].[AspNetUsers] ([Id], [Email], [EmailConfirmed], [PasswordHash], [SecurityStamp], [PhoneNumber], [PhoneNumberConfirmed], [TwoFactorEnabled], [LockoutEndDateUtc], [LockoutEnabled], [AccessFailedCount], [UserName]) VALUES (N'bd16d2cf-eeb6-4f0f-b496-df01752de115', N'test01@gmail.com', 0, N'AB9iHF4YQwvj8PRIDxdtATIRkuTafJOJwbUbaNIOEwci0ew1Zdvxen5mF+Xa/ziN+A==', N'3fd25381-2014-4087-91a2-2c49a35ce580', NULL, 0, 0, NULL, 1, 0, N'test01@gmail.com')
SET IDENTITY_INSERT [dbo].[BINHCHON] ON 

INSERT [dbo].[BINHCHON] ([ID], [MaKhachHang], [MaSanPham], [SoSao]) VALUES (1, NULL, 1, 1)
INSERT [dbo].[BINHCHON] ([ID], [MaKhachHang], [MaSanPham], [SoSao]) VALUES (2, NULL, 1, 3)
INSERT [dbo].[BINHCHON] ([ID], [MaKhachHang], [MaSanPham], [SoSao]) VALUES (3, NULL, 2, 4)
INSERT [dbo].[BINHCHON] ([ID], [MaKhachHang], [MaSanPham], [SoSao]) VALUES (4, NULL, 3, 2)
INSERT [dbo].[BINHCHON] ([ID], [MaKhachHang], [MaSanPham], [SoSao]) VALUES (5, NULL, 3, 5)
INSERT [dbo].[BINHCHON] ([ID], [MaKhachHang], [MaSanPham], [SoSao]) VALUES (6, NULL, 4, 2)
INSERT [dbo].[BINHCHON] ([ID], [MaKhachHang], [MaSanPham], [SoSao]) VALUES (7, NULL, 5, 1)
INSERT [dbo].[BINHCHON] ([ID], [MaKhachHang], [MaSanPham], [SoSao]) VALUES (8, NULL, 6, 3)
INSERT [dbo].[BINHCHON] ([ID], [MaKhachHang], [MaSanPham], [SoSao]) VALUES (9, NULL, 7, 3)
INSERT [dbo].[BINHCHON] ([ID], [MaKhachHang], [MaSanPham], [SoSao]) VALUES (10, NULL, 7, 5)
SET IDENTITY_INSERT [dbo].[BINHCHON] OFF
SET IDENTITY_INSERT [dbo].[BINHLUAN] ON 

INSERT [dbo].[BINHLUAN] ([ID], [MaKhachHang], [MaSanPham], [NoiDung], [NgayDang]) VALUES (1, NULL, 1, N'đang cập nhật', CAST(0x0000A75E00000000 AS DateTime))
INSERT [dbo].[BINHLUAN] ([ID], [MaKhachHang], [MaSanPham], [NoiDung], [NgayDang]) VALUES (3, NULL, 1, N'đang cập nhật', CAST(0x0000A75E00000000 AS DateTime))
INSERT [dbo].[BINHLUAN] ([ID], [MaKhachHang], [MaSanPham], [NoiDung], [NgayDang]) VALUES (4, NULL, 2, N'đang cập nhật', CAST(0x0000A75E00000000 AS DateTime))
INSERT [dbo].[BINHLUAN] ([ID], [MaKhachHang], [MaSanPham], [NoiDung], [NgayDang]) VALUES (5, NULL, 3, N'đang cập nhật', CAST(0x0000A75E00000000 AS DateTime))
SET IDENTITY_INSERT [dbo].[BINHLUAN] OFF
INSERT [dbo].[CHITIETDONHANG] ([MaDonHang], [MaSanPham], [TenSanPham], [SoLuong], [ThanhTien]) VALUES (1, 2, NULL, 1, NULL)
INSERT [dbo].[CHITIETDONHANG] ([MaDonHang], [MaSanPham], [TenSanPham], [SoLuong], [ThanhTien]) VALUES (1, 3, NULL, 3, NULL)
INSERT [dbo].[CHITIETDONHANG] ([MaDonHang], [MaSanPham], [TenSanPham], [SoLuong], [ThanhTien]) VALUES (2, 4, NULL, 5, NULL)
INSERT [dbo].[CHITIETDONHANG] ([MaDonHang], [MaSanPham], [TenSanPham], [SoLuong], [ThanhTien]) VALUES (3, 2, NULL, 1, NULL)
INSERT [dbo].[CHITIETDONHANG] ([MaDonHang], [MaSanPham], [TenSanPham], [SoLuong], [ThanhTien]) VALUES (3, 6, NULL, 2, NULL)
INSERT [dbo].[CHITIETDONHANG] ([MaDonHang], [MaSanPham], [TenSanPham], [SoLuong], [ThanhTien]) VALUES (5, 1, NULL, 6, NULL)
INSERT [dbo].[CHITIETDONHANG] ([MaDonHang], [MaSanPham], [TenSanPham], [SoLuong], [ThanhTien]) VALUES (5, 5, NULL, 1, NULL)
INSERT [dbo].[CHITIETDONHANG] ([MaDonHang], [MaSanPham], [TenSanPham], [SoLuong], [ThanhTien]) VALUES (5, 7, NULL, 1, NULL)
SET IDENTITY_INSERT [dbo].[DONDATHANG] ON 

INSERT [dbo].[DONDATHANG] ([ID], [MaKhachHang], [NgayDat], [NgayGiao], [TinhTrang], [DaThanhToan], [GiamGia]) VALUES (1, NULL, NULL, NULL, N'Chờ giao hàng', NULL, NULL)
INSERT [dbo].[DONDATHANG] ([ID], [MaKhachHang], [NgayDat], [NgayGiao], [TinhTrang], [DaThanhToan], [GiamGia]) VALUES (2, NULL, NULL, NULL, N'Chờ giao hàng', NULL, NULL)
INSERT [dbo].[DONDATHANG] ([ID], [MaKhachHang], [NgayDat], [NgayGiao], [TinhTrang], [DaThanhToan], [GiamGia]) VALUES (3, NULL, NULL, NULL, N'Chờ giao hàng', NULL, NULL)
INSERT [dbo].[DONDATHANG] ([ID], [MaKhachHang], [NgayDat], [NgayGiao], [TinhTrang], [DaThanhToan], [GiamGia]) VALUES (4, NULL, NULL, NULL, N'Chờ giao hàng', NULL, NULL)
INSERT [dbo].[DONDATHANG] ([ID], [MaKhachHang], [NgayDat], [NgayGiao], [TinhTrang], [DaThanhToan], [GiamGia]) VALUES (5, NULL, NULL, NULL, N'Chờ giao hàng', NULL, NULL)
INSERT [dbo].[DONDATHANG] ([ID], [MaKhachHang], [NgayDat], [NgayGiao], [TinhTrang], [DaThanhToan], [GiamGia]) VALUES (6, NULL, NULL, NULL, N'Chờ giao hàng', NULL, NULL)
INSERT [dbo].[DONDATHANG] ([ID], [MaKhachHang], [NgayDat], [NgayGiao], [TinhTrang], [DaThanhToan], [GiamGia]) VALUES (7, NULL, NULL, NULL, N'Chờ giao hàng', NULL, NULL)
INSERT [dbo].[DONDATHANG] ([ID], [MaKhachHang], [NgayDat], [NgayGiao], [TinhTrang], [DaThanhToan], [GiamGia]) VALUES (8, NULL, NULL, NULL, N'Chờ giao hàng', NULL, NULL)
INSERT [dbo].[DONDATHANG] ([ID], [MaKhachHang], [NgayDat], [NgayGiao], [TinhTrang], [DaThanhToan], [GiamGia]) VALUES (9, NULL, NULL, NULL, N'Chờ giao hàng', NULL, NULL)
INSERT [dbo].[DONDATHANG] ([ID], [MaKhachHang], [NgayDat], [NgayGiao], [TinhTrang], [DaThanhToan], [GiamGia]) VALUES (10, NULL, NULL, NULL, N'Chờ giao hàng', NULL, NULL)
INSERT [dbo].[DONDATHANG] ([ID], [MaKhachHang], [NgayDat], [NgayGiao], [TinhTrang], [DaThanhToan], [GiamGia]) VALUES (11, NULL, NULL, NULL, N'Chờ giao hàng', NULL, NULL)
INSERT [dbo].[DONDATHANG] ([ID], [MaKhachHang], [NgayDat], [NgayGiao], [TinhTrang], [DaThanhToan], [GiamGia]) VALUES (12, NULL, NULL, NULL, N'Chờ giao hàng', NULL, NULL)
INSERT [dbo].[DONDATHANG] ([ID], [MaKhachHang], [NgayDat], [NgayGiao], [TinhTrang], [DaThanhToan], [GiamGia]) VALUES (13, NULL, NULL, NULL, N'Chờ giao hàng', NULL, NULL)
INSERT [dbo].[DONDATHANG] ([ID], [MaKhachHang], [NgayDat], [NgayGiao], [TinhTrang], [DaThanhToan], [GiamGia]) VALUES (14, NULL, NULL, NULL, N'Chờ giao hàng', NULL, NULL)
INSERT [dbo].[DONDATHANG] ([ID], [MaKhachHang], [NgayDat], [NgayGiao], [TinhTrang], [DaThanhToan], [GiamGia]) VALUES (15, NULL, NULL, NULL, N'Chờ giao hàng', NULL, NULL)
SET IDENTITY_INSERT [dbo].[DONDATHANG] OFF
INSERT [dbo].[HINHANHSP] ([MaSanPham], [Ten]) VALUES (1, N'06a0144e-98bc-4123-bd1a-73f57b83f0b6.png')
INSERT [dbo].[HINHANHSP] ([MaSanPham], [Ten]) VALUES (1, N'128a50db-b9e6-4c8f-846f-1cc27ed11754.png')
INSERT [dbo].[HINHANHSP] ([MaSanPham], [Ten]) VALUES (1, N'fffabfa4-d06d-4ad2-b978-97e0d3e853b1.png')
INSERT [dbo].[HINHANHSP] ([MaSanPham], [Ten]) VALUES (2, N'6fc44898-b9f6-41b6-8c5e-e96ec84be6b3.png')
INSERT [dbo].[HINHANHSP] ([MaSanPham], [Ten]) VALUES (2, N'ce26aa79-f493-48d6-9694-ea70871f30cd.png')
INSERT [dbo].[HINHANHSP] ([MaSanPham], [Ten]) VALUES (3, N'690c9f6c-797b-483f-85bb-98dc3790d558.png')
INSERT [dbo].[HINHANHSP] ([MaSanPham], [Ten]) VALUES (4, N'3e960df7-919a-4092-a798-5228cf63413c.png')
INSERT [dbo].[HINHANHSP] ([MaSanPham], [Ten]) VALUES (4, N'b4f056a2-6108-4670-a380-fd9a2b15aa99.png')
INSERT [dbo].[HINHANHSP] ([MaSanPham], [Ten]) VALUES (5, N'4c46c604-882f-4af3-909d-fe39c3cdaff3.png')
INSERT [dbo].[HINHANHSP] ([MaSanPham], [Ten]) VALUES (5, N'f7422a8a-791f-4089-ab96-73b56e706ef7.png')
INSERT [dbo].[HINHANHSP] ([MaSanPham], [Ten]) VALUES (6, N'59ece86e-ccae-4fd5-bdac-b7cac134f18e.png')
INSERT [dbo].[HINHANHSP] ([MaSanPham], [Ten]) VALUES (6, N'613cebdc-3694-4ed6-83c2-f224b411e109.png')
INSERT [dbo].[HINHANHSP] ([MaSanPham], [Ten]) VALUES (6, N'7f3dda76-740f-4f99-b3d7-8322aa9c3fc1.png')
INSERT [dbo].[HINHANHSP] ([MaSanPham], [Ten]) VALUES (7, N'50f459e3-37b1-4598-a63b-3f0bc4e93bb1.png')
INSERT [dbo].[HINHANHSP] ([MaSanPham], [Ten]) VALUES (7, N'83776ca0-8bf8-44bb-89fd-5dfc737f03d4.png')
INSERT [dbo].[HINHANHSP] ([MaSanPham], [Ten]) VALUES (7, N'b416c60c-88d4-421e-a725-b5a8e95230fc.png')
INSERT [dbo].[HINHANHSP] ([MaSanPham], [Ten]) VALUES (11, N'73c9e35d-ba48-4764-bbd1-62b796dd7be0.png')
INSERT [dbo].[HINHANHSP] ([MaSanPham], [Ten]) VALUES (11, N'f0c6f3a9-d691-495b-a23b-5157d533d7c4.png')
SET IDENTITY_INSERT [dbo].[KHACHHANG] ON 

INSERT [dbo].[KHACHHANG] ([ID], [HoTen], [DiaChi], [DienThoai], [CauHoiBaoMat], [CauTraLoi], [Loai], [Khoa], [IdentityID]) VALUES (2, N'test 01', NULL, NULL, NULL, NULL, NULL, 0, N'bd16d2cf-eeb6-4f0f-b496-df01752de115')
SET IDENTITY_INSERT [dbo].[KHACHHANG] OFF
SET IDENTITY_INSERT [dbo].[LOAISANPHAM] ON 

INSERT [dbo].[LOAISANPHAM] ([ID], [Ten], [Parent], [Khoa]) VALUES (1, N'Laptop', NULL, 0)
INSERT [dbo].[LOAISANPHAM] ([ID], [Ten], [Parent], [Khoa]) VALUES (2, N'Điện thoại', NULL, 0)
INSERT [dbo].[LOAISANPHAM] ([ID], [Ten], [Parent], [Khoa]) VALUES (3, N'Tablet', NULL, 0)
INSERT [dbo].[LOAISANPHAM] ([ID], [Ten], [Parent], [Khoa]) VALUES (4, N'MP3', NULL, 0)
INSERT [dbo].[LOAISANPHAM] ([ID], [Ten], [Parent], [Khoa]) VALUES (5, N'Phụ kiện', NULL, 0)
INSERT [dbo].[LOAISANPHAM] ([ID], [Ten], [Parent], [Khoa]) VALUES (6, N'Lightweight', 1, 0)
INSERT [dbo].[LOAISANPHAM] ([ID], [Ten], [Parent], [Khoa]) VALUES (7, N'Desktop Replacement', 1, 0)
INSERT [dbo].[LOAISANPHAM] ([ID], [Ten], [Parent], [Khoa]) VALUES (8, N'Business', 1, 0)
INSERT [dbo].[LOAISANPHAM] ([ID], [Ten], [Parent], [Khoa]) VALUES (9, N'Entertainment', 1, 0)
INSERT [dbo].[LOAISANPHAM] ([ID], [Ten], [Parent], [Khoa]) VALUES (10, N'Mainstream Notebook', 1, 0)
INSERT [dbo].[LOAISANPHAM] ([ID], [Ten], [Parent], [Khoa]) VALUES (11, N'Iphone', 2, 0)
INSERT [dbo].[LOAISANPHAM] ([ID], [Ten], [Parent], [Khoa]) VALUES (12, N'Android', 2, 0)
INSERT [dbo].[LOAISANPHAM] ([ID], [Ten], [Parent], [Khoa]) VALUES (13, N'QWERTY', 2, 0)
INSERT [dbo].[LOAISANPHAM] ([ID], [Ten], [Parent], [Khoa]) VALUES (14, N'Walkman', 4, 0)
INSERT [dbo].[LOAISANPHAM] ([ID], [Ten], [Parent], [Khoa]) VALUES (15, N'Ipod', 4, 0)
INSERT [dbo].[LOAISANPHAM] ([ID], [Ten], [Parent], [Khoa]) VALUES (16, N'Dell DJ', 4, 0)
INSERT [dbo].[LOAISANPHAM] ([ID], [Ten], [Parent], [Khoa]) VALUES (17, N'Chuột', 5, 0)
INSERT [dbo].[LOAISANPHAM] ([ID], [Ten], [Parent], [Khoa]) VALUES (18, N'Bàn phím', 5, 0)
INSERT [dbo].[LOAISANPHAM] ([ID], [Ten], [Parent], [Khoa]) VALUES (19, N'Headphone', 5, 0)
INSERT [dbo].[LOAISANPHAM] ([ID], [Ten], [Parent], [Khoa]) VALUES (20, N'Gậy selfie', 5, 0)
INSERT [dbo].[LOAISANPHAM] ([ID], [Ten], [Parent], [Khoa]) VALUES (21, N'Webcam', 5, 0)
INSERT [dbo].[LOAISANPHAM] ([ID], [Ten], [Parent], [Khoa]) VALUES (22, N'Loại sản phẩm thử 02', 11, 0)
SET IDENTITY_INSERT [dbo].[LOAISANPHAM] OFF
SET IDENTITY_INSERT [dbo].[NHASANXUAT] ON 

INSERT [dbo].[NHASANXUAT] ([ID], [Ten], [ThongTin], [Logo], [Khoa]) VALUES (1, N'Applee', NULL, NULL, 1)
INSERT [dbo].[NHASANXUAT] ([ID], [Ten], [ThongTin], [Logo], [Khoa]) VALUES (2, N'Samsung', NULL, NULL, 0)
INSERT [dbo].[NHASANXUAT] ([ID], [Ten], [ThongTin], [Logo], [Khoa]) VALUES (3, N'Sony', NULL, NULL, 0)
INSERT [dbo].[NHASANXUAT] ([ID], [Ten], [ThongTin], [Logo], [Khoa]) VALUES (4, N'OPPO', NULL, NULL, 0)
INSERT [dbo].[NHASANXUAT] ([ID], [Ten], [ThongTin], [Logo], [Khoa]) VALUES (5, N'ASUS', NULL, NULL, 0)
INSERT [dbo].[NHASANXUAT] ([ID], [Ten], [ThongTin], [Logo], [Khoa]) VALUES (6, N'Lenovo', NULL, NULL, 0)
INSERT [dbo].[NHASANXUAT] ([ID], [Ten], [ThongTin], [Logo], [Khoa]) VALUES (7, N'Acer', NULL, NULL, 0)
INSERT [dbo].[NHASANXUAT] ([ID], [Ten], [ThongTin], [Logo], [Khoa]) VALUES (8, N'Nhà sản xuất thử 03', N'đang cập nhật', NULL, 1)
SET IDENTITY_INSERT [dbo].[NHASANXUAT] OFF
SET IDENTITY_INSERT [dbo].[SANPHAM] ON 

INSERT [dbo].[SANPHAM] ([ID], [Ten], [Gia], [KhuyenMai], [Loai], [NhaSX], [HinhAnh], [SoThangBaoHanh], [SoLuongTon], [LuotXem], [LuotBinhChon], [LuotBinhLuan], [LuotMua], [LaSanPhamHot], [LaSanPhamMoi], [SoSao], [MoTa], [ThongTinThem], [NgayCapNhat], [Khoa]) VALUES (1, N'iPhone 7 Plus 128GB', 25190000, 0, 1, 1, N'23863e6e-1108-4caf-812f-0818e0b97b05.png', 0, 13, 0, 0, 0, 0, 0, 0, 0, N'Không phụ lòng mong đợi của các tín đồ công nghệ, thương hiệu Apple trình làng siêu phẩm iPhone 7 Plus 128GB bên cạnh chiếc iPhone 7 với sức hút khó cưỡng từ hàng loạt các tính năng vượt trội cùng vẻ ngoài bóng bẩy, sang trọng và cực kỳ bắt mắt.', N'<table><tbody><tr><th>Mạng 2G</th><td><p>GSM 850 / 900 / 1800 / 1900</p></td></tr><tr><th>Mạng 3G</th><td><p>HSDPA 900/2100</p></td></tr><tr><th>Mạng 4G</th><td><p>C&oacute; hỗ trợ 4G</p></td></tr><tr><th>SIM</th><td><p>2 sim 2 s&oacute;ng</p></td></tr><tr><th>K&iacute;ch Thước</th><td><p>151.5 x 74.9 x 8.1 mm</p></td></tr><tr><th>M&agrave;u Sắc</th><td><p>White Gold/ Black</p></td></tr><tr><th>Loại</th><td><p>TFT Full HD</p></td></tr><tr><th>M&agrave;n H&igrave;nh</th><td><p>5.5 inches (1080 x 1920px)</p></td></tr><tr><th>Audio</th><td><p>MP3/WAV/WMA/eAAC+/FLAC player</p></td></tr><tr><th>Kiểu Chu&ocirc;ng</th><td><p>Rung, midi, đa &acirc;m</p></td></tr></tbody></table>', CAST(0x0000A760013C47F8 AS DateTime), 0)
INSERT [dbo].[SANPHAM] ([ID], [Ten], [Gia], [KhuyenMai], [Loai], [NhaSX], [HinhAnh], [SoThangBaoHanh], [SoLuongTon], [LuotXem], [LuotBinhChon], [LuotBinhLuan], [LuotMua], [LaSanPhamHot], [LaSanPhamMoi], [SoSao], [MoTa], [ThongTinThem], [NgayCapNhat], [Khoa]) VALUES (2, N'Samsung Galaxy Note 5', 15990000, 10, 2, 2, N'img2.png', 0, 0, 0, 0, 0, 0, 0, 0, 0, N'Siêu phẩm Samsung Galaxy Note 5 sẽ được trang bị màn hình  Super AMOLED với kích thước 5.7 inch, tương đương với chiếc  Galaxy Note 4. Tuy nhiên, cấu hình của  siêu phẩm Note 5 lần    này được Samsung đầu tư và nâng cấp đáng kể.', N'<table><tbody><tr><th>Mạng 2G</th><td><p>GSM 850 / 900 / 1800 / 1900</p></td></tr><tr><th>Mạng 3G</th><td><p>HSDPA 900/2100</p></td></tr><tr><th>Mạng 4G</th><td><p>C&oacute; hỗ trợ 4G</p></td></tr><tr><th>SIM</th><td><p>2 sim 2 s&oacute;ng</p></td></tr><tr><th>K&iacute;ch Thước</th><td><p>151.5 x 74.9 x 8.1 mm</p></td></tr><tr><th>M&agrave;u Sắc</th><td><p>White Gold/ Black</p></td></tr><tr><th>Loại</th><td><p>TFT Full HD</p></td></tr><tr><th>M&agrave;n H&igrave;nh</th><td><p>5.5 inches (1080 x 1920px)</p></td></tr><tr><th>Audio</th><td><p>MP3/WAV/WMA/eAAC+/FLAC player</p></td></tr><tr><th>Kiểu Chu&ocirc;ng</th><td><p>Rung, midi, đa &acirc;m</p></td></tr></tbody></table>', CAST(0x0000A760013F97B4 AS DateTime), 0)
INSERT [dbo].[SANPHAM] ([ID], [Ten], [Gia], [KhuyenMai], [Loai], [NhaSX], [HinhAnh], [SoThangBaoHanh], [SoLuongTon], [LuotXem], [LuotBinhChon], [LuotBinhLuan], [LuotMua], [LaSanPhamHot], [LaSanPhamMoi], [SoSao], [MoTa], [ThongTinThem], [NgayCapNhat], [Khoa]) VALUES (3, N'Sony Xperia Z5 Dual', 11990000, 5, 1, 1, N'Sony Xperia Z5 Dual_1_3.jpg', 12, 10, 0, 0, 0, 0, 0, 0, 0, N'Nhờ được hãng Sony đầu tư và nâng cấp về ngoại hình lẫn cấu hình, siêu phẩm Sony Xperia Z5 Dual hứa hẹn sẽ trở thành smartphone có thiết kế đẹp, mỏng, tinh tế, làm hài lòng các fan cuồng của Sony.', N'<table><tbody><tr><th>Mạng 2G</th><td><p>GSM 850 / 900 / 1800 / 1900</p></td></tr><tr><th>Mạng 3G</th><td><p>HSDPA 900/2100</p></td></tr><tr><th>Mạng 4G</th><td><p>C&oacute; hỗ trợ 4G</p></td></tr><tr><th>SIM</th><td><p>2 sim 2 s&oacute;ng</p></td></tr><tr><th>K&iacute;ch Thước</th><td><p>151.5 x 74.9 x 8.1 mm</p></td></tr><tr><th>M&agrave;u Sắc</th><td><p>White Gold/ Black</p></td></tr><tr><th>Loại</th><td><p>TFT Full HD</p></td></tr><tr><th>M&agrave;n H&igrave;nh</th><td><p>5.5 inches (1080 x 1920px)</p></td></tr><tr><th>Audio</th><td><p>MP3/WAV/WMA/eAAC+/FLAC player</p></td></tr><tr><th>Kiểu Chu&ocirc;ng</th><td><p>Rung, midi, đa &acirc;m</p></td></tr></tbody></table>', CAST(0x0000A760013FCFC9 AS DateTime), 0)
INSERT [dbo].[SANPHAM] ([ID], [Ten], [Gia], [KhuyenMai], [Loai], [NhaSX], [HinhAnh], [SoThangBaoHanh], [SoLuongTon], [LuotXem], [LuotBinhChon], [LuotBinhLuan], [LuotMua], [LaSanPhamHot], [LaSanPhamMoi], [SoSao], [MoTa], [ThongTinThem], [NgayCapNhat], [Khoa]) VALUES (4, N'OPPO F1 Plus', 9990000, 0, 2, 4, N'img4.jpg', 0, 28, 0, 0, 0, 0, 0, 0, 0, N'Sau bước đầu cực kỳ thành công với dòng sản phẩm F1, hãng OPPO vừa cho ra mắt thiết bị kế nhiệm - OPPO F1 Plus với những cải tiến đáng kể. Nổi bật nhất là màn hình kích thước lớn cùng camera trước 16MP selfie cực đẹp mang đến cho người dùng những trải nghiệm tuyệt vời.', N'<table><tbody><tr><th>Mạng 2G</th><td><p>GSM 850 / 900 / 1800 / 1900</p></td></tr><tr><th>Mạng 3G</th><td><p>HSDPA 900/2100</p></td></tr><tr><th>Mạng 4G</th><td><p>C&oacute; hỗ trợ 4G</p></td></tr><tr><th>SIM</th><td><p>2 sim 2 s&oacute;ng</p></td></tr><tr><th>K&iacute;ch Thước</th><td><p>151.5 x 74.9 x 8.1 mm</p></td></tr><tr><th>M&agrave;u Sắc</th><td><p>White Gold/ Black</p></td></tr><tr><th>Loại</th><td><p>TFT Full HD</p></td></tr><tr><th>M&agrave;n H&igrave;nh</th><td><p>5.5 inches (1080 x 1920px)</p></td></tr><tr><th>Audio</th><td><p>MP3/WAV/WMA/eAAC+/FLAC player</p></td></tr><tr><th>Kiểu Chu&ocirc;ng</th><td><p>Rung, midi, đa &acirc;m</p></td></tr></tbody></table>', CAST(0x0000A76001403625 AS DateTime), 0)
INSERT [dbo].[SANPHAM] ([ID], [Ten], [Gia], [KhuyenMai], [Loai], [NhaSX], [HinhAnh], [SoThangBaoHanh], [SoLuongTon], [LuotXem], [LuotBinhChon], [LuotBinhLuan], [LuotMua], [LaSanPhamHot], [LaSanPhamMoi], [SoSao], [MoTa], [ThongTinThem], [NgayCapNhat], [Khoa]) VALUES (5, N'Laptop Asus E402SA-WX043D Dark Blue', 5290000, 5, 1, 1, N'Laptop Asus E402SA-WX043D Dark Blue_1_1.jpg', 12, 10, 0, 0, 0, 0, 1, 0, 0, N'Đang cập nhật.', N'<table><tbody><tr><th>Mạng 2G</th><td><p>GSM 850 / 900 / 1800 / 1900</p></td></tr><tr><th>Mạng 3G</th><td><p>HSDPA 900/2100</p></td></tr><tr><th>Mạng 4G</th><td><p>C&oacute; hỗ trợ 4G</p></td></tr><tr><th>SIM</th><td><p>2 sim 2 s&oacute;ng</p></td></tr><tr><th>K&iacute;ch Thước</th><td><p>151.5 x 74.9 x 8.1 mm</p></td></tr><tr><th>M&agrave;u Sắc</th><td><p>White Gold/ Black</p></td></tr><tr><th>Loại</th><td><p>TFT Full HD</p></td></tr><tr><th>M&agrave;n H&igrave;nh</th><td><p>5.5 inches (1080 x 1920px)</p></td></tr><tr><th>Audio</th><td><p>MP3/WAV/WMA/eAAC+/FLAC player</p></td></tr><tr><th>Kiểu Chu&ocirc;ng</th><td><p>Rung, midi, đa &acirc;m</p></td></tr></tbody></table>', CAST(0x0000A7600140E8FF AS DateTime), 0)
INSERT [dbo].[SANPHAM] ([ID], [Ten], [Gia], [KhuyenMai], [Loai], [NhaSX], [HinhAnh], [SoThangBaoHanh], [SoLuongTon], [LuotXem], [LuotBinhChon], [LuotBinhLuan], [LuotMua], [LaSanPhamHot], [LaSanPhamMoi], [SoSao], [MoTa], [ThongTinThem], [NgayCapNhat], [Khoa]) VALUES (6, N'Laptop Acer Aspire ES1-531-C6BT', 5690000, 0, 1, 7, N'img6.jpg', 0, 10, 0, 0, 0, 0, 1, 0, 0, N'Hiện nay, trên thị trường có khá nhiều loại máy tính xách tay thuộc phân khúc giá rẻ, tuy nhiên, chiếc Laptop Acer Aspire ES1-531-C6BT là một trong những lựa chọn tốt nếu bạn yêu thích thương hiệu Acer. Thiết bị này được màn hình kích thước lớn, lên đến 15.6 inches, thiết kế đẹp mắt, tinh tế cùng cấu hình khá ổn, đáp ứng nhu cầu sử dụng cơ bản của người dùng.', N'<table><tbody><tr><th>Mạng 2G</th><td><p>GSM 850 / 900 / 1800 / 1900</p></td></tr><tr><th>Mạng 3G</th><td><p>HSDPA 900/2100</p></td></tr><tr><th>Mạng 4G</th><td><p>C&oacute; hỗ trợ 4G</p></td></tr><tr><th>SIM</th><td><p>2 sim 2 s&oacute;ng</p></td></tr><tr><th>K&iacute;ch Thước</th><td><p>151.5 x 74.9 x 8.1 mm</p></td></tr><tr><th>M&agrave;u Sắc</th><td><p>White Gold/ Black</p></td></tr><tr><th>Loại</th><td><p>TFT Full HD</p></td></tr><tr><th>M&agrave;n H&igrave;nh</th><td><p>5.5 inches (1080 x 1920px)</p></td></tr><tr><th>Audio</th><td><p>MP3/WAV/WMA/eAAC+/FLAC player</p></td></tr><tr><th>Kiểu Chu&ocirc;ng</th><td><p>Rung, midi, đa &acirc;m</p></td></tr></tbody></table>', CAST(0x0000A7600141F303 AS DateTime), 0)
INSERT [dbo].[SANPHAM] ([ID], [Ten], [Gia], [KhuyenMai], [Loai], [NhaSX], [HinhAnh], [SoThangBaoHanh], [SoLuongTon], [LuotXem], [LuotBinhChon], [LuotBinhLuan], [LuotMua], [LaSanPhamHot], [LaSanPhamMoi], [SoSao], [MoTa], [ThongTinThem], [NgayCapNhat], [Khoa]) VALUES (7, N'Laptop Lenovo Ideapad 100-14IBY WIN10 BL', 5790000, 20, 1, 6, N'22cc7dc1-ae2f-4c0a-ae05-f605ef6a721b.png', 0, 10, 0, 0, 0, 0, 0, 1, 0, N'Không chỉ sở hữu thiết kế siêu mỏng, nhỏ gọn và tinh tế, chiếc Laptop Lenovo Ideapad 100-14IBY (70065081) WIN10 BL còn sở hữu cấu hình mạnh mẽ, phục vụ cho nhu cầu học tập, làm việc và giải trí của hầu hết các đối tượng.', N'<table><tbody><tr><th>Mạng 2G</th><td><p>GSM 850 / 900 / 1800 / 1900</p></td></tr><tr><th>Mạng 3G</th><td><p>HSDPA 900/2100</p></td></tr><tr><th>Mạng 4G</th><td><p>C&oacute; hỗ trợ 4G</p></td></tr><tr><th>SIM</th><td><p>2 sim 2 s&oacute;ng</p></td></tr><tr><th>K&iacute;ch Thước</th><td><p>151.5 x 74.9 x 8.1 mm</p></td></tr><tr><th>M&agrave;u Sắc</th><td><p>White Gold/ Black</p></td></tr><tr><th>Loại</th><td><p>TFT Full HD</p></td></tr><tr><th>M&agrave;n H&igrave;nh</th><td><p>5.5 inches (1080 x 1920px)</p></td></tr><tr><th>Audio</th><td><p>MP3/WAV/WMA/eAAC+/FLAC player</p></td></tr><tr><th>Kiểu Chu&ocirc;ng</th><td><p>Rung, midi, đa &acirc;m</p></td></tr></tbody></table>', CAST(0x0000A76001421C3C AS DateTime), 0)
INSERT [dbo].[SANPHAM] ([ID], [Ten], [Gia], [KhuyenMai], [Loai], [NhaSX], [HinhAnh], [SoThangBaoHanh], [SoLuongTon], [LuotXem], [LuotBinhChon], [LuotBinhLuan], [LuotMua], [LaSanPhamHot], [LaSanPhamMoi], [SoSao], [MoTa], [ThongTinThem], [NgayCapNhat], [Khoa]) VALUES (8, N'Sản phẩm thử 01', 10000, 0, 12, 5, NULL, 0, 0, 0, 0, 0, 0, 0, 0, 0, NULL, NULL, CAST(0x0000A760010897C2 AS DateTime), 0)
INSERT [dbo].[SANPHAM] ([ID], [Ten], [Gia], [KhuyenMai], [Loai], [NhaSX], [HinhAnh], [SoThangBaoHanh], [SoLuongTon], [LuotXem], [LuotBinhChon], [LuotBinhLuan], [LuotMua], [LaSanPhamHot], [LaSanPhamMoi], [SoSao], [MoTa], [ThongTinThem], [NgayCapNhat], [Khoa]) VALUES (9, N'Sản phẩm thử 02', 20000, 0, 11, 2, NULL, 0, 0, 0, 0, 0, 0, 0, 0, 0, NULL, NULL, CAST(0x0000A760010A4BFC AS DateTime), 0)
INSERT [dbo].[SANPHAM] ([ID], [Ten], [Gia], [KhuyenMai], [Loai], [NhaSX], [HinhAnh], [SoThangBaoHanh], [SoLuongTon], [LuotXem], [LuotBinhChon], [LuotBinhLuan], [LuotMua], [LaSanPhamHot], [LaSanPhamMoi], [SoSao], [MoTa], [ThongTinThem], [NgayCapNhat], [Khoa]) VALUES (10, N'Sản phẩm thử 03', 20000, 0, 11, 2, NULL, 0, 0, 0, 0, 0, 0, 0, 0, 0, NULL, NULL, CAST(0x0000A760010A9724 AS DateTime), 0)
INSERT [dbo].[SANPHAM] ([ID], [Ten], [Gia], [KhuyenMai], [Loai], [NhaSX], [HinhAnh], [SoThangBaoHanh], [SoLuongTon], [LuotXem], [LuotBinhChon], [LuotBinhLuan], [LuotMua], [LaSanPhamHot], [LaSanPhamMoi], [SoSao], [MoTa], [ThongTinThem], [NgayCapNhat], [Khoa]) VALUES (11, N'Sản phẩm thử 04 edited l2', 15000, 0, 9, 5, NULL, 0, 0, 0, 0, 0, 0, 0, 0, 0, NULL, NULL, CAST(0x0000A7600139954A AS DateTime), 0)
SET IDENTITY_INSERT [dbo].[SANPHAM] OFF
SET ANSI_PADDING ON

GO
/****** Object:  Index [RoleNameIndex]    Script Date: 5/4/2017 8:46:36 PM ******/
CREATE UNIQUE NONCLUSTERED INDEX [RoleNameIndex] ON [dbo].[AspNetRoles]
(
	[Name] ASC
)WITH (PAD_INDEX = OFF, STATISTICS_NORECOMPUTE = OFF, SORT_IN_TEMPDB = OFF, IGNORE_DUP_KEY = OFF, DROP_EXISTING = OFF, ONLINE = OFF, ALLOW_ROW_LOCKS = ON, ALLOW_PAGE_LOCKS = ON) ON [PRIMARY]
GO
SET ANSI_PADDING ON

GO
/****** Object:  Index [IX_UserId]    Script Date: 5/4/2017 8:46:36 PM ******/
CREATE NONCLUSTERED INDEX [IX_UserId] ON [dbo].[AspNetUserClaims]
(
	[UserId] ASC
)WITH (PAD_INDEX = OFF, STATISTICS_NORECOMPUTE = OFF, SORT_IN_TEMPDB = OFF, DROP_EXISTING = OFF, ONLINE = OFF, ALLOW_ROW_LOCKS = ON, ALLOW_PAGE_LOCKS = ON) ON [PRIMARY]
GO
SET ANSI_PADDING ON

GO
/****** Object:  Index [IX_UserId]    Script Date: 5/4/2017 8:46:36 PM ******/
CREATE NONCLUSTERED INDEX [IX_UserId] ON [dbo].[AspNetUserLogins]
(
	[UserId] ASC
)WITH (PAD_INDEX = OFF, STATISTICS_NORECOMPUTE = OFF, SORT_IN_TEMPDB = OFF, DROP_EXISTING = OFF, ONLINE = OFF, ALLOW_ROW_LOCKS = ON, ALLOW_PAGE_LOCKS = ON) ON [PRIMARY]
GO
SET ANSI_PADDING ON

GO
/****** Object:  Index [IX_RoleId]    Script Date: 5/4/2017 8:46:36 PM ******/
CREATE NONCLUSTERED INDEX [IX_RoleId] ON [dbo].[AspNetUserRoles]
(
	[RoleId] ASC
)WITH (PAD_INDEX = OFF, STATISTICS_NORECOMPUTE = OFF, SORT_IN_TEMPDB = OFF, DROP_EXISTING = OFF, ONLINE = OFF, ALLOW_ROW_LOCKS = ON, ALLOW_PAGE_LOCKS = ON) ON [PRIMARY]
GO
SET ANSI_PADDING ON

GO
/****** Object:  Index [IX_UserId]    Script Date: 5/4/2017 8:46:36 PM ******/
CREATE NONCLUSTERED INDEX [IX_UserId] ON [dbo].[AspNetUserRoles]
(
	[UserId] ASC
)WITH (PAD_INDEX = OFF, STATISTICS_NORECOMPUTE = OFF, SORT_IN_TEMPDB = OFF, DROP_EXISTING = OFF, ONLINE = OFF, ALLOW_ROW_LOCKS = ON, ALLOW_PAGE_LOCKS = ON) ON [PRIMARY]
GO
SET ANSI_PADDING ON

GO
/****** Object:  Index [UserNameIndex]    Script Date: 5/4/2017 8:46:36 PM ******/
CREATE UNIQUE NONCLUSTERED INDEX [UserNameIndex] ON [dbo].[AspNetUsers]
(
	[UserName] ASC
)WITH (PAD_INDEX = OFF, STATISTICS_NORECOMPUTE = OFF, SORT_IN_TEMPDB = OFF, IGNORE_DUP_KEY = OFF, DROP_EXISTING = OFF, ONLINE = OFF, ALLOW_ROW_LOCKS = ON, ALLOW_PAGE_LOCKS = ON) ON [PRIMARY]
GO
ALTER TABLE [dbo].[KHACHHANG] ADD  CONSTRAINT [DF_KHACHHANG_Loai]  DEFAULT ((1)) FOR [Loai]
GO
ALTER TABLE [dbo].[KHACHHANG] ADD  CONSTRAINT [DF_KHACHHANG_Khoa]  DEFAULT ((0)) FOR [Khoa]
GO
ALTER TABLE [dbo].[LOAISANPHAM] ADD  CONSTRAINT [DF_LOAISANPHAM_Khoa]  DEFAULT ((0)) FOR [Khoa]
GO
ALTER TABLE [dbo].[NHASANXUAT] ADD  CONSTRAINT [DF_NHASANXUAT_Khoa]  DEFAULT ((0)) FOR [Khoa]
GO
ALTER TABLE [dbo].[SANPHAM] ADD  CONSTRAINT [DF_SANPHAM_KhuyenMai]  DEFAULT ((0)) FOR [KhuyenMai]
GO
ALTER TABLE [dbo].[SANPHAM] ADD  CONSTRAINT [DF_SANPHAM_SoThangBaoHanh]  DEFAULT ((0)) FOR [SoThangBaoHanh]
GO
ALTER TABLE [dbo].[SANPHAM] ADD  CONSTRAINT [DF_SANPHAM_SoLuongTon]  DEFAULT ((0)) FOR [SoLuongTon]
GO
ALTER TABLE [dbo].[SANPHAM] ADD  CONSTRAINT [DF_SANPHAM_LuotXem]  DEFAULT ((0)) FOR [LuotXem]
GO
ALTER TABLE [dbo].[SANPHAM] ADD  CONSTRAINT [DF_SANPHAM_LuotBinhChon]  DEFAULT ((0)) FOR [LuotBinhChon]
GO
ALTER TABLE [dbo].[SANPHAM] ADD  CONSTRAINT [DF_SANPHAM_LuotBinhLuan]  DEFAULT ((0)) FOR [LuotBinhLuan]
GO
ALTER TABLE [dbo].[SANPHAM] ADD  CONSTRAINT [DF_SANPHAM_LuotMua]  DEFAULT ((0)) FOR [LuotMua]
GO
ALTER TABLE [dbo].[SANPHAM] ADD  CONSTRAINT [DF_SANPHAM_LaSanPhamHot]  DEFAULT ((0)) FOR [LaSanPhamHot]
GO
ALTER TABLE [dbo].[SANPHAM] ADD  CONSTRAINT [DF_SANPHAM_LaSanPhamMoi]  DEFAULT ((0)) FOR [LaSanPhamMoi]
GO
ALTER TABLE [dbo].[SANPHAM] ADD  CONSTRAINT [DF_SANPHAM_SoSao]  DEFAULT ((0)) FOR [SoSao]
GO
ALTER TABLE [dbo].[SANPHAM] ADD  CONSTRAINT [DF_SANPHAM_Khoa]  DEFAULT ((0)) FOR [Khoa]
GO
ALTER TABLE [dbo].[SLIDE] ADD  CONSTRAINT [DF_SLIDE_Active]  DEFAULT ((0)) FOR [Active]
GO
ALTER TABLE [dbo].[AspNetUserClaims]  WITH CHECK ADD  CONSTRAINT [FK_dbo.AspNetUserClaims_dbo.AspNetUsers_UserId] FOREIGN KEY([UserId])
REFERENCES [dbo].[AspNetUsers] ([Id])
ON DELETE CASCADE
GO
ALTER TABLE [dbo].[AspNetUserClaims] CHECK CONSTRAINT [FK_dbo.AspNetUserClaims_dbo.AspNetUsers_UserId]
GO
ALTER TABLE [dbo].[AspNetUserLogins]  WITH CHECK ADD  CONSTRAINT [FK_dbo.AspNetUserLogins_dbo.AspNetUsers_UserId] FOREIGN KEY([UserId])
REFERENCES [dbo].[AspNetUsers] ([Id])
ON DELETE CASCADE
GO
ALTER TABLE [dbo].[AspNetUserLogins] CHECK CONSTRAINT [FK_dbo.AspNetUserLogins_dbo.AspNetUsers_UserId]
GO
ALTER TABLE [dbo].[AspNetUserRoles]  WITH CHECK ADD  CONSTRAINT [FK_dbo.AspNetUserRoles_dbo.AspNetRoles_RoleId] FOREIGN KEY([RoleId])
REFERENCES [dbo].[AspNetRoles] ([Id])
ON DELETE CASCADE
GO
ALTER TABLE [dbo].[AspNetUserRoles] CHECK CONSTRAINT [FK_dbo.AspNetUserRoles_dbo.AspNetRoles_RoleId]
GO
ALTER TABLE [dbo].[AspNetUserRoles]  WITH CHECK ADD  CONSTRAINT [FK_dbo.AspNetUserRoles_dbo.AspNetUsers_UserId] FOREIGN KEY([UserId])
REFERENCES [dbo].[AspNetUsers] ([Id])
ON DELETE CASCADE
GO
ALTER TABLE [dbo].[AspNetUserRoles] CHECK CONSTRAINT [FK_dbo.AspNetUserRoles_dbo.AspNetUsers_UserId]
GO
ALTER TABLE [dbo].[BINHCHON]  WITH CHECK ADD  CONSTRAINT [FK_BINHCHON_KHACHHANG] FOREIGN KEY([MaKhachHang])
REFERENCES [dbo].[KHACHHANG] ([ID])
GO
ALTER TABLE [dbo].[BINHCHON] CHECK CONSTRAINT [FK_BINHCHON_KHACHHANG]
GO
ALTER TABLE [dbo].[BINHCHON]  WITH CHECK ADD  CONSTRAINT [FK_BINHCHON_SANPHAM] FOREIGN KEY([MaSanPham])
REFERENCES [dbo].[SANPHAM] ([ID])
GO
ALTER TABLE [dbo].[BINHCHON] CHECK CONSTRAINT [FK_BINHCHON_SANPHAM]
GO
ALTER TABLE [dbo].[BINHLUAN]  WITH CHECK ADD  CONSTRAINT [FK_BINHLUAN_KHACHHANG] FOREIGN KEY([MaKhachHang])
REFERENCES [dbo].[KHACHHANG] ([ID])
GO
ALTER TABLE [dbo].[BINHLUAN] CHECK CONSTRAINT [FK_BINHLUAN_KHACHHANG]
GO
ALTER TABLE [dbo].[BINHLUAN]  WITH CHECK ADD  CONSTRAINT [FK_BINHLUAN_SANPHAM] FOREIGN KEY([MaSanPham])
REFERENCES [dbo].[SANPHAM] ([ID])
GO
ALTER TABLE [dbo].[BINHLUAN] CHECK CONSTRAINT [FK_BINHLUAN_SANPHAM]
GO
ALTER TABLE [dbo].[CHITIETDONHANG]  WITH CHECK ADD  CONSTRAINT [FK_CHITIETDONHANG_DONDATHANG] FOREIGN KEY([MaDonHang])
REFERENCES [dbo].[DONDATHANG] ([ID])
ON UPDATE CASCADE
ON DELETE CASCADE
GO
ALTER TABLE [dbo].[CHITIETDONHANG] CHECK CONSTRAINT [FK_CHITIETDONHANG_DONDATHANG]
GO
ALTER TABLE [dbo].[CHITIETDONHANG]  WITH CHECK ADD  CONSTRAINT [FK_CHITIETDONHANG_SANPHAM] FOREIGN KEY([MaSanPham])
REFERENCES [dbo].[SANPHAM] ([ID])
GO
ALTER TABLE [dbo].[CHITIETDONHANG] CHECK CONSTRAINT [FK_CHITIETDONHANG_SANPHAM]
GO
ALTER TABLE [dbo].[DONDATHANG]  WITH CHECK ADD  CONSTRAINT [FK_DONDATHANG_KHACHHANG] FOREIGN KEY([MaKhachHang])
REFERENCES [dbo].[KHACHHANG] ([ID])
GO
ALTER TABLE [dbo].[DONDATHANG] CHECK CONSTRAINT [FK_DONDATHANG_KHACHHANG]
GO
ALTER TABLE [dbo].[HINHANHSP]  WITH CHECK ADD  CONSTRAINT [FK_HINHANHSP_SANPHAM] FOREIGN KEY([MaSanPham])
REFERENCES [dbo].[SANPHAM] ([ID])
GO
ALTER TABLE [dbo].[HINHANHSP] CHECK CONSTRAINT [FK_HINHANHSP_SANPHAM]
GO
ALTER TABLE [dbo].[KHACHHANG]  WITH CHECK ADD  CONSTRAINT [FK_KHACHHANG_CAUHOIBAOMAT] FOREIGN KEY([CauHoiBaoMat])
REFERENCES [dbo].[CAUHOIBAOMAT] ([ID])
GO
ALTER TABLE [dbo].[KHACHHANG] CHECK CONSTRAINT [FK_KHACHHANG_CAUHOIBAOMAT]
GO
ALTER TABLE [dbo].[KHACHHANG]  WITH CHECK ADD  CONSTRAINT [FK_KHACHHANG_LOAIKHACHHANG] FOREIGN KEY([Loai])
REFERENCES [dbo].[LOAIKHACHHANG] ([ID])
GO
ALTER TABLE [dbo].[KHACHHANG] CHECK CONSTRAINT [FK_KHACHHANG_LOAIKHACHHANG]
GO
ALTER TABLE [dbo].[LOAISANPHAM]  WITH CHECK ADD  CONSTRAINT [FK_LOAISANPHAM_LOAISANPHAM] FOREIGN KEY([Parent])
REFERENCES [dbo].[LOAISANPHAM] ([ID])
GO
ALTER TABLE [dbo].[LOAISANPHAM] CHECK CONSTRAINT [FK_LOAISANPHAM_LOAISANPHAM]
GO
ALTER TABLE [dbo].[SANPHAM]  WITH CHECK ADD  CONSTRAINT [FK_SANPHAM_LOAISANPHAM] FOREIGN KEY([Loai])
REFERENCES [dbo].[LOAISANPHAM] ([ID])
GO
ALTER TABLE [dbo].[SANPHAM] CHECK CONSTRAINT [FK_SANPHAM_LOAISANPHAM]
GO
ALTER TABLE [dbo].[SANPHAM]  WITH CHECK ADD  CONSTRAINT [FK_SANPHAM_NHASANXUAT] FOREIGN KEY([NhaSX])
REFERENCES [dbo].[NHASANXUAT] ([ID])
GO
ALTER TABLE [dbo].[SANPHAM] CHECK CONSTRAINT [FK_SANPHAM_NHASANXUAT]
GO
ALTER TABLE [dbo].[TAG]  WITH CHECK ADD  CONSTRAINT [FK_TAG_SANPHAM] FOREIGN KEY([MaSanPham])
REFERENCES [dbo].[SANPHAM] ([ID])
GO
ALTER TABLE [dbo].[TAG] CHECK CONSTRAINT [FK_TAG_SANPHAM]
GO
USE [master]
GO
ALTER DATABASE [QLBanHang] SET  READ_WRITE 
GO
